adc_bits,dac_bits,comparator_noise,settling_fraction,row_drop_case_ohm,spice_row_drop_loss_pct,relative_error,energy_relative,latency_comparisons,useful,interpretation
3,3,0.0,1.0,100.0,6.932031250000015,0.3889029604082076,1.0,12,0,too much model-facing error
3,3,0.0,0.97,100.0,6.932031250000015,0.3889029604082076,1.0,12,0,too much model-facing error
3,3,0.004,1.0,100.0,6.932031250000015,0.3889029604082076,1.0,12,0,too much model-facing error
3,3,0.004,0.97,100.0,6.932031250000015,0.3889029604082076,1.0,12,0,too much model-facing error
3,3,0.012,1.0,100.0,6.932031250000015,0.3889029604082076,1.0,12,0,too much model-facing error
3,3,0.012,0.97,100.0,6.932031250000015,0.3889029604082076,1.0,12,0,too much model-facing error
4,3,0.0,1.0,100.0,6.932031250000015,0.48634451541602636,1.0,16,0,too much model-facing error
4,3,0.0,0.97,100.0,6.932031250000015,0.48634451541602636,1.0,16,0,too much model-facing error
4,3,0.004,1.0,100.0,6.932031250000015,0.48634451541602636,1.0,16,0,too much model-facing error
4,3,0.004,0.97,100.0,6.932031250000015,0.48634451541602636,1.0,16,0,too much model-facing error
4,3,0.012,1.0,100.0,6.932031250000015,0.48634451541602636,1.0,16,0,too much model-facing error
4,3,0.012,0.97,100.0,6.932031250000015,0.48634451541602636,1.0,16,0,too much model-facing error
5,3,0.0,1.0,100.0,6.932031250000015,0.2983691084132958,1.7407407407407407,20,0,too much model-facing error
5,3,0.0,0.97,100.0,6.932031250000015,0.2983691084132958,1.7407407407407407,20,0,too much model-facing error
5,3,0.004,1.0,100.0,6.932031250000015,0.2983691084132958,1.7407407407407407,20,0,too much model-facing error
5,3,0.004,0.97,100.0,6.932031250000015,0.2983691084132958,1.7407407407407407,20,0,too much model-facing error
5,3,0.012,1.0,100.0,6.932031250000015,0.2983691084132958,1.7407407407407407,20,0,too much model-facing error
5,3,0.012,0.97,100.0,6.932031250000015,0.2983691084132958,1.7407407407407407,20,0,too much model-facing error
6,3,0.0,1.0,100.0,6.932031250000015,0.1933775334041907,3.222222222222222,24,0,too much model-facing error
6,3,0.0,0.97,100.0,6.932031250000015,0.1933775334041907,3.222222222222222,24,0,too much model-facing error
6,3,0.004,1.0,100.0,6.932031250000015,0.1933775334041907,3.222222222222222,24,0,too much model-facing error
6,3,0.004,0.97,100.0,6.932031250000015,0.1933775334041907,3.222222222222222,24,0,too much model-facing error
6,3,0.012,1.0,100.0,6.932031250000015,0.1933775334041907,3.222222222222222,24,0,too much model-facing error
6,3,0.012,0.97,100.0,6.932031250000015,0.1933775334041907,3.222222222222222,24,0,too much model-facing error
7,3,0.0,1.0,100.0,6.932031250000015,0.19764511644889823,6.185185185185184,28,0,too much model-facing error
7,3,0.0,0.97,100.0,6.932031250000015,0.20088019489476494,6.185185185185184,28,0,too much model-facing error
7,3,0.004,1.0,100.0,6.932031250000015,0.20088019489476494,6.185185185185184,28,0,too much model-facing error
7,3,0.004,0.97,100.0,6.932031250000015,0.20088019489476494,6.185185185185184,28,0,too much model-facing error
7,3,0.012,1.0,100.0,6.932031250000015,0.20088019489476494,6.185185185185184,28,0,too much model-facing error
7,3,0.012,0.97,100.0,6.932031250000015,0.20088019489476494,6.185185185185184,28,0,too much model-facing error
8,3,0.0,1.0,100.0,6.932031250000015,0.1709858198294224,12.11111111111111,32,0,too much model-facing error
8,3,0.0,0.97,100.0,6.932031250000015,0.19206849381270227,12.11111111111111,32,0,too much model-facing error
8,3,0.004,1.0,100.0,6.932031250000015,0.1709858198294224,12.11111111111111,32,0,too much model-facing error
8,3,0.004,0.97,100.0,6.932031250000015,0.1900673195016572,12.11111111111111,32,0,too much model-facing error
8,3,0.012,1.0,100.0,6.932031250000015,0.1709858198294224,12.11111111111111,32,0,too much model-facing error
8,3,0.012,0.97,100.0,6.932031250000015,0.20598799241112015,12.11111111111111,32,0,too much model-facing error
3,4,0.0,1.0,100.0,6.932031250000015,0.3889029604082076,1.0,12,0,too much model-facing error
3,4,0.0,0.97,100.0,6.932031250000015,0.3889029604082076,1.0,12,0,too much model-facing error
3,4,0.004,1.0,100.0,6.932031250000015,0.3889029604082076,1.0,12,0,too much model-facing error
3,4,0.004,0.97,100.0,6.932031250000015,0.3889029604082076,1.0,12,0,too much model-facing error
3,4,0.012,1.0,100.0,6.932031250000015,0.3889029604082076,1.0,12,0,too much model-facing error
3,4,0.012,0.97,100.0,6.932031250000015,0.3889029604082076,1.0,12,0,too much model-facing error
4,4,0.0,1.0,100.0,6.932031250000015,0.3796196183080618,1.0,16,0,too much model-facing error
4,4,0.0,0.97,100.0,6.932031250000015,0.48634451541602636,1.0,16,0,too much model-facing error
4,4,0.004,1.0,100.0,6.932031250000015,0.3796196183080618,1.0,16,0,too much model-facing error
4,4,0.004,0.97,100.0,6.932031250000015,0.48634451541602636,1.0,16,0,too much model-facing error
4,4,0.012,1.0,100.0,6.932031250000015,0.3796196183080618,1.0,16,0,too much model-facing error
4,4,0.012,0.97,100.0,6.932031250000015,0.3796196183080618,1.0,16,0,too much model-facing error
5,4,0.0,1.0,100.0,6.932031250000015,0.1851205305395241,1.7407407407407407,20,0,too much model-facing error
5,4,0.0,0.97,100.0,6.932031250000015,0.1851205305395241,1.7407407407407407,20,0,too much model-facing error
5,4,0.004,1.0,100.0,6.932031250000015,0.1851205305395241,1.7407407407407407,20,0,too much model-facing error
5,4,0.004,0.97,100.0,6.932031250000015,0.1851205305395241,1.7407407407407407,20,0,too much model-facing error
5,4,0.012,1.0,100.0,6.932031250000015,0.1851205305395241,1.7407407407407407,20,0,too much model-facing error
5,4,0.012,0.97,100.0,6.932031250000015,0.1851205305395241,1.7407407407407407,20,0,too much model-facing error
6,4,0.0,1.0,100.0,6.932031250000015,0.09000426441791687,3.222222222222222,24,1,reasonable converter boundary
6,4,0.0,0.97,100.0,6.932031250000015,0.09000426441791687,3.222222222222222,24,1,reasonable converter boundary
6,4,0.004,1.0,100.0,6.932031250000015,0.09000426441791687,3.222222222222222,24,1,reasonable converter boundary
6,4,0.004,0.97,100.0,6.932031250000015,0.09000426441791687,3.222222222222222,24,1,reasonable converter boundary
6,4,0.012,1.0,100.0,6.932031250000015,0.09000426441791687,3.222222222222222,24,1,reasonable converter boundary
6,4,0.012,0.97,100.0,6.932031250000015,0.09000426441791687,3.222222222222222,24,1,reasonable converter boundary
7,4,0.0,1.0,100.0,6.932031250000015,0.13674384574221884,6.185185185185184,28,0,too much model-facing error
7,4,0.0,0.97,100.0,6.932031250000015,0.13674384574221884,6.185185185185184,28,0,too much model-facing error
7,4,0.004,1.0,100.0,6.932031250000015,0.13674384574221884,6.185185185185184,28,0,too much model-facing error
7,4,0.004,0.97,100.0,6.932031250000015,0.13674384574221884,6.185185185185184,28,0,too much model-facing error
7,4,0.012,1.0,100.0,6.932031250000015,0.13674384574221884,6.185185185185184,28,0,too much model-facing error
7,4,0.012,0.97,100.0,6.932031250000015,0.13674384574221884,6.185185185185184,28,0,too much model-facing error
8,4,0.0,1.0,100.0,6.932031250000015,0.08849255417237004,12.11111111111111,32,0,precision costs more than the error reduction justifies
8,4,0.0,0.97,100.0,6.932031250000015,0.14464285163090176,12.11111111111111,32,0,too much model-facing error
8,4,0.004,1.0,100.0,6.932031250000015,0.08849255417237004,12.11111111111111,32,0,precision costs more than the error reduction justifies
8,4,0.004,0.97,100.0,6.932031250000015,0.13391113870803364,12.11111111111111,32,0,too much model-facing error
8,4,0.012,1.0,100.0,6.932031250000015,0.08849255417237004,12.11111111111111,32,0,precision costs more than the error reduction justifies
8,4,0.012,0.97,100.0,6.932031250000015,0.13391113870803364,12.11111111111111,32,0,too much model-facing error
3,5,0.0,1.0,100.0,6.932031250000015,0.3889029604082076,1.259259259259259,12,0,too much model-facing error
3,5,0.0,0.97,100.0,6.932031250000015,0.3889029604082076,1.259259259259259,12,0,too much model-facing error
3,5,0.004,1.0,100.0,6.932031250000015,0.3889029604082076,1.259259259259259,12,0,too much model-facing error
3,5,0.004,0.97,100.0,6.932031250000015,0.3889029604082076,1.259259259259259,12,0,too much model-facing error
3,5,0.012,1.0,100.0,6.932031250000015,0.3889029604082076,1.259259259259259,12,0,too much model-facing error
3,5,0.012,0.97,100.0,6.932031250000015,0.3889029604082076,1.259259259259259,12,0,too much model-facing error
4,5,0.0,1.0,100.0,6.932031250000015,0.3796196183080618,1.259259259259259,16,0,too much model-facing error
4,5,0.0,0.97,100.0,6.932031250000015,0.3796196183080618,1.259259259259259,16,0,too much model-facing error
4,5,0.004,1.0,100.0,6.932031250000015,0.3796196183080618,1.259259259259259,16,0,too much model-facing error
4,5,0.004,0.97,100.0,6.932031250000015,0.3796196183080618,1.259259259259259,16,0,too much model-facing error
4,5,0.012,1.0,100.0,6.932031250000015,0.3796196183080618,1.259259259259259,16,0,too much model-facing error
4,5,0.012,0.97,100.0,6.932031250000015,0.3796196183080618,1.259259259259259,16,0,too much model-facing error
5,5,0.0,1.0,100.0,6.932031250000015,0.1851205305395241,2.0,20,0,too much model-facing error
5,5,0.0,0.97,100.0,6.932031250000015,0.1851205305395241,2.0,20,0,too much model-facing error
5,5,0.004,1.0,100.0,6.932031250000015,0.1851205305395241,2.0,20,0,too much model-facing error
5,5,0.004,0.97,100.0,6.932031250000015,0.1851205305395241,2.0,20,0,too much model-facing error
5,5,0.012,1.0,100.0,6.932031250000015,0.1851205305395241,2.0,20,0,too much model-facing error
5,5,0.012,0.97,100.0,6.932031250000015,0.1851205305395241,2.0,20,0,too much model-facing error
6,5,0.0,1.0,100.0,6.932031250000015,0.09000426441791687,3.4814814814814814,24,1,reasonable converter boundary
6,5,0.0,0.97,100.0,6.932031250000015,0.09000426441791687,3.4814814814814814,24,1,reasonable converter boundary
6,5,0.004,1.0,100.0,6.932031250000015,0.09000426441791687,3.4814814814814814,24,1,reasonable converter boundary
6,5,0.004,0.97,100.0,6.932031250000015,0.09000426441791687,3.4814814814814814,24,1,reasonable converter boundary
6,5,0.012,1.0,100.0,6.932031250000015,0.09000426441791687,3.4814814814814814,24,1,reasonable converter boundary
6,5,0.012,0.97,100.0,6.932031250000015,0.09000426441791687,3.4814814814814814,24,1,reasonable converter boundary
7,5,0.0,1.0,100.0,6.932031250000015,0.05870575245722467,6.444444444444444,28,1,reasonable converter boundary
7,5,0.0,0.97,100.0,6.932031250000015,0.09787114823200907,6.444444444444444,28,1,reasonable converter boundary
7,5,0.004,1.0,100.0,6.932031250000015,0.05870575245722467,6.444444444444444,28,1,reasonable converter boundary
7,5,0.004,0.97,100.0,6.932031250000015,0.09787114823200907,6.444444444444444,28,1,reasonable converter boundary
7,5,0.012,1.0,100.0,6.932031250000015,0.05870575245722467,6.444444444444444,28,1,reasonable converter boundary
7,5,0.012,0.97,100.0,6.932031250000015,0.09787114823200907,6.444444444444444,28,1,reasonable converter boundary
8,5,0.0,1.0,100.0,6.932031250000015,0.06796400942868812,12.370370370370368,32,0,precision costs more than the error reduction justifies
8,5,0.0,0.97,100.0,6.932031250000015,0.09445843888308655,12.370370370370368,32,0,precision costs more than the error reduction justifies
8,5,0.004,1.0,100.0,6.932031250000015,0.046679260787003844,12.370370370370368,32,0,precision costs more than the error reduction justifies
8,5,0.004,0.97,100.0,6.932031250000015,0.09445843888308655,12.370370370370368,32,0,precision costs more than the error reduction justifies
8,5,0.012,1.0,100.0,6.932031250000015,0.07342192420488687,12.370370370370368,32,0,precision costs more than the error reduction justifies
8,5,0.012,0.97,100.0,6.932031250000015,0.08051238094993904,12.370370370370368,32,0,precision costs more than the error reduction justifies
3,6,0.0,1.0,100.0,6.932031250000015,0.3889029604082076,1.7777777777777777,12,0,too much model-facing error
3,6,0.0,0.97,100.0,6.932031250000015,0.3889029604082076,1.7777777777777777,12,0,too much model-facing error
3,6,0.004,1.0,100.0,6.932031250000015,0.3889029604082076,1.7777777777777777,12,0,too much model-facing error
3,6,0.004,0.97,100.0,6.932031250000015,0.3889029604082076,1.7777777777777777,12,0,too much model-facing error
3,6,0.012,1.0,100.0,6.932031250000015,0.3889029604082076,1.7777777777777777,12,0,too much model-facing error
3,6,0.012,0.97,100.0,6.932031250000015,0.3889029604082076,1.7777777777777777,12,0,too much model-facing error
4,6,0.0,1.0,100.0,6.932031250000015,0.3796196183080618,1.7777777777777777,16,0,too much model-facing error
4,6,0.0,0.97,100.0,6.932031250000015,0.3796196183080618,1.7777777777777777,16,0,too much model-facing error
4,6,0.004,1.0,100.0,6.932031250000015,0.3796196183080618,1.7777777777777777,16,0,too much model-facing error
4,6,0.004,0.97,100.0,6.932031250000015,0.3796196183080618,1.7777777777777777,16,0,too much model-facing error
4,6,0.012,1.0,100.0,6.932031250000015,0.3796196183080618,1.7777777777777777,16,0,too much model-facing error
4,6,0.012,0.97,100.0,6.932031250000015,0.3796196183080618,1.7777777777777777,16,0,too much model-facing error
5,6,0.0,1.0,100.0,6.932031250000015,0.1851205305395241,2.518518518518518,20,0,too much model-facing error
5,6,0.0,0.97,100.0,6.932031250000015,0.1851205305395241,2.518518518518518,20,0,too much model-facing error
5,6,0.004,1.0,100.0,6.932031250000015,0.1851205305395241,2.518518518518518,20,0,too much model-facing error
5,6,0.004,0.97,100.0,6.932031250000015,0.1851205305395241,2.518518518518518,20,0,too much model-facing error
5,6,0.012,1.0,100.0,6.932031250000015,0.1851205305395241,2.518518518518518,20,0,too much model-facing error
5,6,0.012,0.97,100.0,6.932031250000015,0.1851205305395241,2.518518518518518,20,0,too much model-facing error
6,6,0.0,1.0,100.0,6.932031250000015,0.09000426441791687,4.0,24,1,reasonable converter boundary
6,6,0.0,0.97,100.0,6.932031250000015,0.09000426441791687,4.0,24,1,reasonable converter boundary
6,6,0.004,1.0,100.0,6.932031250000015,0.09000426441791687,4.0,24,1,reasonable converter boundary
6,6,0.004,0.97,100.0,6.932031250000015,0.09000426441791687,4.0,24,1,reasonable converter boundary
6,6,0.012,1.0,100.0,6.932031250000015,0.09000426441791687,4.0,24,1,reasonable converter boundary
6,6,0.012,0.97,100.0,6.932031250000015,0.09000426441791687,4.0,24,1,reasonable converter boundary
7,6,0.0,1.0,100.0,6.932031250000015,0.04644464152847725,6.962962962962963,28,1,reasonable converter boundary
7,6,0.0,0.97,100.0,6.932031250000015,0.05870575245722467,6.962962962962963,28,1,reasonable converter boundary
7,6,0.004,1.0,100.0,6.932031250000015,0.04644464152847725,6.962962962962963,28,1,reasonable converter boundary
7,6,0.004,0.97,100.0,6.932031250000015,0.05870575245722467,6.962962962962963,28,1,reasonable converter boundary
7,6,0.012,1.0,100.0,6.932031250000015,0.05870575245722467,6.962962962962963,28,1,reasonable converter boundary
7,6,0.012,0.97,100.0,6.932031250000015,0.04644464152847725,6.962962962962963,28,1,reasonable converter boundary
8,6,0.0,1.0,100.0,6.932031250000015,0.05005694304455735,12.888888888888888,32,0,precision costs more than the error reduction justifies
8,6,0.0,0.97,100.0,6.932031250000015,0.07556832080907158,12.888888888888888,32,0,precision costs more than the error reduction justifies
8,6,0.004,1.0,100.0,6.932031250000015,0.03760628956286574,12.888888888888888,32,0,precision costs more than the error reduction justifies
8,6,0.004,0.97,100.0,6.932031250000015,0.07556832080907158,12.888888888888888,32,0,precision costs more than the error reduction justifies
8,6,0.012,1.0,100.0,6.932031250000015,0.05718756787887616,12.888888888888888,32,0,precision costs more than the error reduction justifies
8,6,0.012,0.97,100.0,6.932031250000015,0.05718756787887616,12.888888888888888,32,0,precision costs more than the error reduction justifies
3,7,0.0,1.0,100.0,6.932031250000015,0.3889029604082076,2.8148148148148144,12,0,too much model-facing error
3,7,0.0,0.97,100.0,6.932031250000015,0.3889029604082076,2.8148148148148144,12,0,too much model-facing error
3,7,0.004,1.0,100.0,6.932031250000015,0.3889029604082076,2.8148148148148144,12,0,too much model-facing error
3,7,0.004,0.97,100.0,6.932031250000015,0.3889029604082076,2.8148148148148144,12,0,too much model-facing error
3,7,0.012,1.0,100.0,6.932031250000015,0.3889029604082076,2.8148148148148144,12,0,too much model-facing error
3,7,0.012,0.97,100.0,6.932031250000015,0.3889029604082076,2.8148148148148144,12,0,too much model-facing error
4,7,0.0,1.0,100.0,6.932031250000015,0.3796196183080618,2.8148148148148144,16,0,too much model-facing error
4,7,0.0,0.97,100.0,6.932031250000015,0.3796196183080618,2.8148148148148144,16,0,too much model-facing error
4,7,0.004,1.0,100.0,6.932031250000015,0.3796196183080618,2.8148148148148144,16,0,too much model-facing error
4,7,0.004,0.97,100.0,6.932031250000015,0.3796196183080618,2.8148148148148144,16,0,too much model-facing error
4,7,0.012,1.0,100.0,6.932031250000015,0.3796196183080618,2.8148148148148144,16,0,too much model-facing error
4,7,0.012,0.97,100.0,6.932031250000015,0.3796196183080618,2.8148148148148144,16,0,too much model-facing error
5,7,0.0,1.0,100.0,6.932031250000015,0.1851205305395241,3.5555555555555554,20,0,too much model-facing error
5,7,0.0,0.97,100.0,6.932031250000015,0.1851205305395241,3.5555555555555554,20,0,too much model-facing error
5,7,0.004,1.0,100.0,6.932031250000015,0.1851205305395241,3.5555555555555554,20,0,too much model-facing error
5,7,0.004,0.97,100.0,6.932031250000015,0.1851205305395241,3.5555555555555554,20,0,too much model-facing error
5,7,0.012,1.0,100.0,6.932031250000015,0.1851205305395241,3.5555555555555554,20,0,too much model-facing error
5,7,0.012,0.97,100.0,6.932031250000015,0.1851205305395241,3.5555555555555554,20,0,too much model-facing error
6,7,0.0,1.0,100.0,6.932031250000015,0.09000426441791687,5.037037037037036,24,1,reasonable converter boundary
6,7,0.0,0.97,100.0,6.932031250000015,0.09000426441791687,5.037037037037036,24,1,reasonable converter boundary
6,7,0.004,1.0,100.0,6.932031250000015,0.09000426441791687,5.037037037037036,24,1,reasonable converter boundary
6,7,0.004,0.97,100.0,6.932031250000015,0.09000426441791687,5.037037037037036,24,1,reasonable converter boundary
6,7,0.012,1.0,100.0,6.932031250000015,0.09000426441791687,5.037037037037036,24,1,reasonable converter boundary
6,7,0.012,0.97,100.0,6.932031250000015,0.09000426441791687,5.037037037037036,24,1,reasonable converter boundary
7,7,0.0,1.0,100.0,6.932031250000015,0.04644464152847725,8.0,28,0,precision costs more than the error reduction justifies
7,7,0.0,0.97,100.0,6.932031250000015,0.05870575245722467,8.0,28,0,precision costs more than the error reduction justifies
7,7,0.004,1.0,100.0,6.932031250000015,0.05870575245722467,8.0,28,0,precision costs more than the error reduction justifies
7,7,0.004,0.97,100.0,6.932031250000015,0.05870575245722467,8.0,28,0,precision costs more than the error reduction justifies
7,7,0.012,1.0,100.0,6.932031250000015,0.05870575245722467,8.0,28,0,precision costs more than the error reduction justifies
7,7,0.012,0.97,100.0,6.932031250000015,0.09787114823200907,8.0,28,0,precision costs more than the error reduction justifies
8,7,0.0,1.0,100.0,6.932031250000015,0.03760628956286574,13.925925925925926,32,0,precision costs more than the error reduction justifies
8,7,0.0,0.97,100.0,6.932031250000015,0.05718756787887616,13.925925925925926,32,0,precision costs more than the error reduction justifies
8,7,0.004,1.0,100.0,6.932031250000015,0.05005694304455735,13.925925925925926,32,0,precision costs more than the error reduction justifies
8,7,0.004,0.97,100.0,6.932031250000015,0.05718756787887616,13.925925925925926,32,0,precision costs more than the error reduction justifies
8,7,0.012,1.0,100.0,6.932031250000015,0.05718756787887616,13.925925925925926,32,0,precision costs more than the error reduction justifies
8,7,0.012,0.97,100.0,6.932031250000015,0.05718756787887616,13.925925925925926,32,0,precision costs more than the error reduction justifies
3,8,0.0,1.0,100.0,6.932031250000015,0.3889029604082076,4.888888888888888,12,0,too much model-facing error
3,8,0.0,0.97,100.0,6.932031250000015,0.3889029604082076,4.888888888888888,12,0,too much model-facing error
3,8,0.004,1.0,100.0,6.932031250000015,0.3889029604082076,4.888888888888888,12,0,too much model-facing error
3,8,0.004,0.97,100.0,6.932031250000015,0.3889029604082076,4.888888888888888,12,0,too much model-facing error
3,8,0.012,1.0,100.0,6.932031250000015,0.3889029604082076,4.888888888888888,12,0,too much model-facing error
3,8,0.012,0.97,100.0,6.932031250000015,0.3889029604082076,4.888888888888888,12,0,too much model-facing error
4,8,0.0,1.0,100.0,6.932031250000015,0.3796196183080618,4.888888888888888,16,0,too much model-facing error
4,8,0.0,0.97,100.0,6.932031250000015,0.3796196183080618,4.888888888888888,16,0,too much model-facing error
4,8,0.004,1.0,100.0,6.932031250000015,0.3796196183080618,4.888888888888888,16,0,too much model-facing error
4,8,0.004,0.97,100.0,6.932031250000015,0.3796196183080618,4.888888888888888,16,0,too much model-facing error
4,8,0.012,1.0,100.0,6.932031250000015,0.3796196183080618,4.888888888888888,16,0,too much model-facing error
4,8,0.012,0.97,100.0,6.932031250000015,0.3796196183080618,4.888888888888888,16,0,too much model-facing error
5,8,0.0,1.0,100.0,6.932031250000015,0.1851205305395241,5.629629629629629,20,0,too much model-facing error
5,8,0.0,0.97,100.0,6.932031250000015,0.1851205305395241,5.629629629629629,20,0,too much model-facing error
5,8,0.004,1.0,100.0,6.932031250000015,0.1851205305395241,5.629629629629629,20,0,too much model-facing error
5,8,0.004,0.97,100.0,6.932031250000015,0.1851205305395241,5.629629629629629,20,0,too much model-facing error
5,8,0.012,1.0,100.0,6.932031250000015,0.1851205305395241,5.629629629629629,20,0,too much model-facing error
5,8,0.012,0.97,100.0,6.932031250000015,0.1851205305395241,5.629629629629629,20,0,too much model-facing error
6,8,0.0,1.0,100.0,6.932031250000015,0.09000426441791687,7.111111111111111,24,1,reasonable converter boundary
6,8,0.0,0.97,100.0,6.932031250000015,0.09000426441791687,7.111111111111111,24,1,reasonable converter boundary
6,8,0.004,1.0,100.0,6.932031250000015,0.09000426441791687,7.111111111111111,24,1,reasonable converter boundary
6,8,0.004,0.97,100.0,6.932031250000015,0.09000426441791687,7.111111111111111,24,1,reasonable converter boundary
6,8,0.012,1.0,100.0,6.932031250000015,0.094570605889786,7.111111111111111,24,1,reasonable converter boundary
6,8,0.012,0.97,100.0,6.932031250000015,0.09000426441791687,7.111111111111111,24,1,reasonable converter boundary
7,8,0.0,1.0,100.0,6.932031250000015,0.05870575245722467,10.074074074074073,28,0,precision costs more than the error reduction justifies
7,8,0.0,0.97,100.0,6.932031250000015,0.05870575245722467,10.074074074074073,28,0,precision costs more than the error reduction justifies
7,8,0.004,1.0,100.0,6.932031250000015,0.05870575245722467,10.074074074074073,28,0,precision costs more than the error reduction justifies
7,8,0.004,0.97,100.0,6.932031250000015,0.05870575245722467,10.074074074074073,28,0,precision costs more than the error reduction justifies
7,8,0.012,1.0,100.0,6.932031250000015,0.05870575245722467,10.074074074074073,28,0,precision costs more than the error reduction justifies
7,8,0.012,0.97,100.0,6.932031250000015,0.04644464152847725,10.074074074074073,28,0,precision costs more than the error reduction justifies
8,8,0.0,1.0,100.0,6.932031250000015,0.03760628956286574,16.0,32,0,precision costs more than the error reduction justifies
8,8,0.0,0.97,100.0,6.932031250000015,0.046679260787003844,16.0,32,0,precision costs more than the error reduction justifies
8,8,0.004,1.0,100.0,6.932031250000015,0.046679260787003844,16.0,32,0,precision costs more than the error reduction justifies
8,8,0.004,0.97,100.0,6.932031250000015,0.07556832080907158,16.0,32,0,precision costs more than the error reduction justifies
8,8,0.012,1.0,100.0,6.932031250000015,0.03124510843469801,16.0,32,0,precision costs more than the error reduction justifies
8,8,0.012,0.97,100.0,6.932031250000015,0.046679260787003844,16.0,32,0,precision costs more than the error reduction justifies
