config,wn_um,wp_um,csample_p,cload_p,input_v,acquired_v,held_v,hold_abs_delta_v,total_abs_error_v,half_lsb_12b_v,pass_hold_delta_half_lsb_12b,pass_total_error_half_lsb_12b,ngspice_returncode,ngspice_timed_out,ngspice_timeout_s
baseline_0p2p_2x4,2.0,4.0,0.2,0.05,0.3,0.3,0.2952268,0.0047731999999999775,0.0047731999999999775,0.0002197265625,False,False,0,False,60
baseline_0p2p_2x4,2.0,4.0,0.2,0.05,0.9,0.9001369,0.8990878,0.001049100000000025,0.0009122000000000297,0.0002197265625,False,False,0,False,60
baseline_0p2p_2x4,2.0,4.0,0.2,0.05,1.5,1.5,1.505557,0.005557000000000034,0.005557000000000034,0.0002197265625,False,False,0,False,60
larger_cap_1p0p_2x4,2.0,4.0,1.0,0.05,0.3,0.3000012,0.2988503,0.0011509000000000102,0.0011496999999999757,0.0002197265625,False,False,0,False,60
larger_cap_1p0p_2x4,2.0,4.0,1.0,0.05,0.9,0.9153299,0.9137607,0.0015692000000000483,0.013760699999999959,0.0002197265625,False,False,0,False,60
larger_cap_1p0p_2x4,2.0,4.0,1.0,0.05,1.5,1.497573,1.49968,0.002106999999999859,0.000320000000000098,0.0002197265625,False,False,0,False,60
larger_cap_smaller_switch_1p0p_1x2,1.0,2.0,1.0,0.05,0.3,0.3026947,0.3011712,0.001523500000000011,0.0011711999999999834,0.0002197265625,False,False,0,False,60
larger_cap_smaller_switch_1p0p_1x2,1.0,2.0,1.0,0.05,0.9,0.9427924,0.9411599,0.0016324999999999257,0.04115990000000003,0.0002197265625,False,False,0,False,60
larger_cap_smaller_switch_1p0p_1x2,1.0,2.0,1.0,0.05,1.5,,,,,0.0002197265625,False,False,,True,60
