config,switch_wn_um,switch_wp_um,dummy_wn_um,dummy_wp_um,csample_p,cload_p,input_v,acquired_v,held_v,hold_abs_delta_v,total_abs_error_v,half_lsb_12b_v,pass_hold_delta_half_lsb_12b,pass_total_error_half_lsb_12b,ngspice_returncode,ngspice_timed_out,ngspice_timeout_s
no_dummy_best_prior_1p0p_2x4,2.0,4.0,0.0,0.0,1.0,0.05,0.3,0.3000012,0.2988503,0.0011509000000000102,0.0011496999999999757,0.0002197265625,False,False,0,False,20
no_dummy_best_prior_1p0p_2x4,2.0,4.0,0.0,0.0,1.0,0.05,0.9,0.9153299,0.9137607,0.0015692000000000483,0.013760699999999959,0.0002197265625,False,False,0,False,20
no_dummy_best_prior_1p0p_2x4,2.0,4.0,0.0,0.0,1.0,0.05,1.5,1.497573,1.49968,0.002106999999999859,0.000320000000000098,0.0002197265625,False,False,0,False,20
dummy_0p25x_1p0p_2x4,2.0,4.0,0.5,1.0,1.0,0.05,0.3,0.3000012,0.2994245,0.0005767000000000411,0.0005755000000000066,0.0002197265625,False,False,0,False,20
dummy_0p25x_1p0p_2x4,2.0,4.0,0.5,1.0,1.0,0.05,0.9,0.9161109,0.9145412,0.0015696999999998962,0.014541200000000032,0.0002197265625,False,False,0,False,20
dummy_0p25x_1p0p_2x4,2.0,4.0,0.5,1.0,1.0,0.05,1.5,1.497581,1.498957,0.0013760000000000439,0.0010429999999999051,0.0002197265625,False,False,0,False,20
dummy_0p50x_1p0p_2x4,2.0,4.0,1.0,2.0,1.0,0.05,0.3,0.3000012,0.2999866,1.4600000000031255e-05,1.3399999999996748e-05,0.0002197265625,True,True,0,False,20
dummy_0p50x_1p0p_2x4,2.0,4.0,1.0,2.0,1.0,0.05,0.9,0.9161932,0.9147119,0.0014813000000000187,0.0147119,0.0002197265625,False,False,0,False,20
dummy_0p50x_1p0p_2x4,2.0,4.0,1.0,2.0,1.0,0.05,1.5,1.497571,1.498284,0.0007129999999999637,0.0017160000000000508,0.0002197265625,False,False,0,False,20
