config,top_off_ns,bottom_off_ns,input_v,acquired_stored_v,held_stored_v,hold_abs_delta_v,total_abs_error_v,half_lsb_12b_v,pass_hold_delta_half_lsb_12b,pass_total_error_half_lsb_12b,ngspice_returncode,ngspice_timed_out,ngspice_timeout_s
same_edge_top_and_bottom_off,7.0,7.0,0.3,0.299945,0.301173,0.0012280000000000069,0.0011730000000000351,0.0002197265625,False,False,0,False,20
same_edge_top_and_bottom_off,7.0,7.0,0.9,0.841036,0.848713,0.007677000000000045,0.05128699999999997,0.0002197265625,False,False,0,False,20
same_edge_top_and_bottom_off,7.0,7.0,1.5,,,,,0.0002197265625,False,False,,True,20
top_opens_before_bottom_200ps,6.8,7.0,0.3,,,,,0.0002197265625,False,False,,True,20
top_opens_before_bottom_200ps,6.8,7.0,0.9,,,,,0.0002197265625,False,False,,True,20
top_opens_before_bottom_200ps,6.8,7.0,1.5,,,,,0.0002197265625,False,False,,True,20
bottom_opens_before_top_200ps,7.0,6.8,0.3,0.299929,0.301355,0.0014259999999999828,0.001354999999999995,0.0002197265625,False,False,0,False,20
bottom_opens_before_top_200ps,7.0,6.8,0.9,0.837738,0.845971,0.008233000000000046,0.054028999999999994,0.0002197265625,False,False,0,False,20
bottom_opens_before_top_200ps,7.0,6.8,1.5,1.46335,1.47431,0.01096000000000008,0.02568999999999999,0.0002197265625,False,False,0,False,20
